<?xml version="1.0" encoding="UTF-8"?>
<jcr:root xmlns:sling="http://sling.apache.org/jcr/sling/1.0" xmlns:cq="http://www.day.com/jcr/cq/1.0" xmlns:jcr="http://www.jcp.org/jcr/1.0" xmlns:nt="http://www.jcp.org/jcr/nt/1.0"
    jcr:primaryType="cq:Page">
    <jcr:content
        cq:deviceGroups="[/etc/mobile/groups/responsive]"
        jcr:primaryType="cq:PageContent"
        jcr:title="MockProject"
        sling:redirect="{Boolean}true"
        sling:redirectStatus="{Long}302"
        sling:resourceType="foundation/components/redirect"
        redirectTarget="/content/MockProject/en">
        <image jcr:primaryType="nt:unstructured">
            <file/>
        </image>
    </jcr:content>
    <en/>
    <fr/>
    <homepage/>
    <emptypage1/>
    <emptypage2/>
    <emptypage3/>
    <emptypage4/>
</jcr:root>
