<?xml version="1.0" encoding="UTF-8"?>
<jcr:root xmlns:sling="http://sling.apache.org/jcr/sling/1.0" xmlns:cq="http://www.day.com/jcr/cq/1.0" xmlns:jcr="http://www.jcp.org/jcr/1.0" xmlns:nt="http://www.jcp.org/jcr/nt/1.0"
    jcr:primaryType="nt:unstructured"
    sling:resourceType="cq/gui/components/authoring/dialog">
    <content
        jcr:primaryType="nt:unstructured"
        sling:resourceType="granite/ui/components/coral/foundation/container">
        <items jcr:primaryType="nt:unstructured">
            <mytabs
                jcr:primaryType="nt:unstructured"
                sling:resourceType="granite/ui/components/coral/foundation/tabs">
                <items jcr:primaryType="nt:unstructured">
                    <tab1
                        jcr:primaryType="nt:unstructured"
                        jcr:title="Logo Configuration"
                        sling:resourceSuperType="/apps/TemplateDemo/components/content/logo_component/cq:dialog/content/items/mytabs/items/tab1"
                        sling:resourceType="granite/ui/components/coral/foundation/container">
                        <items jcr:primaryType="nt:unstructured">
                            <columns
                                jcr:primaryType="nt:unstructured"
                                sling:resourceType="granite/ui/components/coral/foundation/fixedcolumns">
                                <items jcr:primaryType="nt:unstructured">
                                    <column
                                        jcr:primaryType="nt:unstructured"
                                        sling:resourceType="granite/ui/components/coral/foundation/container">
                                        <items jcr:primaryType="nt:unstructured"/>
                                    </column>
                                </items>
                            </columns>
                        </items>
                    </tab1>
                    <tab2
                        jcr:primaryType="nt:unstructured"
                        jcr:title="Banner Configuration"
                        sling:resourceSuperType="/apps/TemplateDemo/components/content/banner_component/cq:dialog/content/items/mytabs/items/tab1"
                        sling:resourceType="granite/ui/components/coral/foundation/container">
                        <items jcr:primaryType="nt:unstructured">
                            <columns
                                jcr:primaryType="nt:unstructured"
                                sling:resourceType="granite/ui/components/coral/foundation/fixedcolumns">
                                <items jcr:primaryType="nt:unstructured">
                                    <column
                                        jcr:primaryType="nt:unstructured"
                                        sling:resourceType="granite/ui/components/coral/foundation/container">
                                        <items jcr:primaryType="nt:unstructured"/>
                                    </column>
                                </items>
                            </columns>
                        </items>
                    </tab2>
                    <tab3
                        jcr:primaryType="nt:unstructured"
                        jcr:title="Menu Configuration"
                        sling:resourceType="granite/ui/components/coral/foundation/container">
                        <items jcr:primaryType="nt:unstructured">
                            <columns
                                jcr:primaryType="nt:unstructured"
                                sling:resourceType="granite/ui/components/coral/foundation/fixedcolumns">
                                <items jcr:primaryType="nt:unstructured">
                                    <column
                                        jcr:primaryType="nt:unstructured"
                                        sling:resourceType="granite/ui/components/coral/foundation/container">
                                        <items jcr:primaryType="nt:unstructured">
                                            <title1
                                                jcr:primaryType="nt:unstructured"
                                                sling:resourceType="granite/ui/components/coral/foundation/form/textfield"
                                                fieldDescription="Title text"
                                                fieldLabel="Title"
                                                name="./title1"
                                                required="{Boolean}true"/>
                                            <link1
                                                jcr:primaryType="nt:unstructured"
                                                sling:resourceType="granite/ui/components/coral/foundation/form/pathbrowser"
                                                fieldLabel="Link field"
                                                filedDescription="Path Browser"
                                                name="./link1"/>
                                            <title2
                                                jcr:primaryType="nt:unstructured"
                                                sling:resourceType="granite/ui/components/coral/foundation/form/textfield"
                                                fieldDescription="Title text"
                                                fieldLabel="Title"
                                                name="./title2"
                                                required="{Boolean}true"/>
                                            <link2
                                                jcr:primaryType="nt:unstructured"
                                                sling:resourceType="granite/ui/components/coral/foundation/form/pathbrowser"
                                                fieldLabel="Link field"
                                                filedDescription="Path Browser"
                                                name="./link2"/>
                                            <title3
                                                jcr:primaryType="nt:unstructured"
                                                sling:resourceType="granite/ui/components/coral/foundation/form/textfield"
                                                fieldDescription="Title text"
                                                fieldLabel="Title"
                                                name="./title3"
                                                required="{Boolean}true"/>
                                            <link3
                                                jcr:primaryType="nt:unstructured"
                                                sling:resourceType="granite/ui/components/coral/foundation/form/pathbrowser"
                                                fieldLabel="Link field"
                                                filedDescription="Path Browser"
                                                name="./link3"/>
                                            <title4
                                                jcr:primaryType="nt:unstructured"
                                                sling:resourceType="granite/ui/components/coral/foundation/form/textfield"
                                                fieldDescription="Title text"
                                                fieldLabel="Title"
                                                name="./title4"
                                                required="{Boolean}true"/>
                                            <link4
                                                jcr:primaryType="nt:unstructured"
                                                sling:resourceType="granite/ui/components/coral/foundation/form/pathbrowser"
                                                fieldLabel="Link field"
                                                filedDescription="Path Browser"
                                                name="./link4"/>
                                            <title5
                                                jcr:primaryType="nt:unstructured"
                                                sling:resourceType="granite/ui/components/coral/foundation/form/textfield"
                                                fieldDescription="Title text"
                                                fieldLabel="Title"
                                                name="./title5"
                                                required="{Boolean}true"/>
                                            <link5
                                                jcr:primaryType="nt:unstructured"
                                                sling:resourceType="granite/ui/components/coral/foundation/form/pathbrowser"
                                                fieldLabel="Link field"
                                                filedDescription="Path Browser"
                                                name="./link5"/>
                                            <title6
                                                jcr:primaryType="nt:unstructured"
                                                sling:resourceType="granite/ui/components/coral/foundation/form/textfield"
                                                fieldDescription="Title text"
                                                fieldLabel="Title"
                                                name="./title6"
                                                required="{Boolean}true"/>
                                            <link6
                                                jcr:primaryType="nt:unstructured"
                                                sling:resourceType="granite/ui/components/coral/foundation/form/pathbrowser"
                                                fieldLabel="Link field"
                                                filedDescription="Path Browser"
                                                name="./link6"/>
                                            <title7
                                                jcr:primaryType="nt:unstructured"
                                                sling:resourceType="granite/ui/components/coral/foundation/form/textfield"
                                                fieldDescription="Title text"
                                                fieldLabel="Title"
                                                name="./title7"
                                                required="{Boolean}true"/>
                                            <link7
                                                jcr:primaryType="nt:unstructured"
                                                sling:resourceType="granite/ui/components/coral/foundation/form/pathbrowser"
                                                fieldLabel="Link field"
                                                filedDescription="Path Browser"
                                                name="./link7"/>
                                            <title8
                                                jcr:primaryType="nt:unstructured"
                                                sling:resourceType="granite/ui/components/coral/foundation/form/textfield"
                                                fieldDescription="Title text"
                                                fieldLabel="Title"
                                                name="./title8"
                                                required="{Boolean}true"/>
                                            <link8
                                                jcr:primaryType="nt:unstructured"
                                                sling:resourceType="granite/ui/components/coral/foundation/form/pathbrowser"
                                                fieldLabel="Link field"
                                                filedDescription="Path Browser"
                                                name="./link8"/>
                                        </items>
                                    </column>
                                </items>
                            </columns>
                        </items>
                    </tab3>
                </items>
            </mytabs>
        </items>
    </content>
</jcr:root>
