<?xml version="1.0" encoding="UTF-8"?>
<jcr:root xmlns:sling="http://sling.apache.org/jcr/sling/1.0" xmlns:cq="http://www.day.com/jcr/cq/1.0" xmlns:jcr="http://www.jcp.org/jcr/1.0" xmlns:nt="http://www.jcp.org/jcr/nt/1.0"
    jcr:primaryType="cq:Page">
    <jcr:content
        cq:lastModified="{Date}2019-04-13T11:24:40.683+05:30"
        cq:lastModifiedBy="admin"
        cq:template="/apps/MockProject/templates/homePageTemplate"
        jcr:primaryType="cq:PageContent"
        jcr:title="homePage"
        sling:resourceType="MockProject/components/structure/homePageComponent">
        <parCareers
            jcr:primaryType="nt:unstructured"
            sling:resourceType="wcm/foundation/components/parsys"/>
        <parTrending
            jcr:primaryType="nt:unstructured"
            sling:resourceType="wcm/foundation/components/parsys"/>
        <iparFooter
            jcr:primaryType="nt:unstructured"
            sling:resourceType="wcm/foundation/components/iparsys">
            <trendingnewscomponen
                jcr:created="{Date}2019-04-12T18:52:42.224+05:30"
                jcr:createdBy="admin"
                jcr:lastModified="{Date}2019-04-13T11:14:34.358+05:30"
                jcr:lastModifiedBy="admin"
                jcr:primaryType="nt:unstructured"
                sling:resourceType="MockProject/components/content/trendingNewsComponent"
                description="Baby Sadie received the world's smallest mechanical heart valve, and her life instantly changed. Today, she's a spunky 3-year-old."
                imgLink="/content/dam/MockProject/flower_pink_petals_bud_close_up_119905_300x168.jpg"
                knowMoreText="know more"
                pageLink="/content/MockProject/emptypage1/emptypage1-1"
                title="VALVE SAVED HER LIFE"/>
            <trendingnewscomponen_1154971460
                jcr:created="{Date}2019-04-13T11:11:34.415+05:30"
                jcr:createdBy="admin"
                jcr:lastModified="{Date}2019-04-13T11:13:51.892+05:30"
                jcr:lastModifiedBy="admin"
                jcr:primaryType="nt:unstructured"
                sling:resourceType="MockProject/components/content/trendingNewsComponent"
                description="That commitment to giving women an equal voice and the opportunity to innovate and lead has only accelerated."
                imgLink="/content/dam/MockProject/flowers-wallpaper-24.jpg"
                knowMoreText="Find out"
                pageLink="/content/MockProject/emptypage2"
                title="THE POWER TO CHANGE LIVES"/>
        </iparFooter>
        <parBanner
            jcr:primaryType="nt:unstructured"
            sling:resourceType="wcm/foundation/components/parsys">
            <bannercomponent
                jcr:created="{Date}2019-04-12T19:33:52.419+05:30"
                jcr:createdBy="admin"
                jcr:lastModified="{Date}2019-04-13T11:11:16.347+05:30"
                jcr:lastModifiedBy="admin"
                jcr:primaryType="nt:unstructured"
                sling:resourceType="MockProject/components/content/bannerComponent">
                <products jcr:primaryType="nt:unstructured">
                    <item0
                        jcr:primaryType="nt:unstructured"
                        ctaLink="/content/MockProject/emptypage3"
                        heading="SMALLEST MECHANICAL HEART VALVE SAVED HER LIFE"
                        imgLink="/content/dam/MockProject/flowers-wallpaper-24.jpg"
                        subHeading="Baby Sadie received the world's smallest mechanical heart valve, and her life instantly changed. Today, she's a spunky 3-year-old"/>
                    <item1
                        jcr:primaryType="nt:unstructured"
                        ctaLink="/content/MockProject/emptypage3"
                        heading="TO THE NEW will be at Adobe Summit 2019"
                        imgLink="/content/dam/MockProject/flower_pink_petals_bud_close_up_119905_300x168.jpg"
                        subHeading="Baby Sadie received the world's smallest mechanical heart valve, and her life instantly changed. Today, she's a spunky 3-year-old"/>
                </products>
            </bannercomponent>
        </parBanner>
        <iparHeader
            jcr:primaryType="nt:unstructured"
            sling:resourceType="wcm/foundation/components/iparsys">
            <headercomponent
                jcr:created="{Date}2019-04-13T10:54:52.923+05:30"
                jcr:createdBy="admin"
                jcr:lastModified="{Date}2019-04-13T11:24:40.679+05:30"
                jcr:lastModifiedBy="admin"
                jcr:primaryType="nt:unstructured"
                sling:resourceType="MockProject/components/content/headerComponent"
                logoLink="/content/dam/template-demo/ttn.jpg">
                <products jcr:primaryType="nt:unstructured">
                    <item0
                        jcr:primaryType="nt:unstructured"
                        pageLink="/content/MockProject/emptypage1"
                        title="Page1"/>
                    <item1
                        jcr:primaryType="nt:unstructured"
                        pageLink="/content/MockProject/emptypage2"
                        title="Page2"/>
                    <item2
                        jcr:primaryType="nt:unstructured"
                        pageLink="/content/MockProject/emptypage3"
                        title="Page3"/>
                </products>
            </headercomponent>
        </iparHeader>
    </jcr:content>
</jcr:root>
